Time,target_cpu,__cpu,curr_state,next_state,t_start,t_delta
0.00300400000015,3.0,,W,A,0.00300400000015,3.50000000253e-05
0.00303900000017,,3.0,A,S,0.00303900000017,3.59999999091e-05
0.00307500000008,,3.0,S,W,0.00307500000008,1.39999997373e-05
0.00308899999982,3.0,,W,A,0.00308899999982,5.00000032844e-06
0.00309400000015,,3.0,A,S,0.00309400000015,5.00000001011e-05
0.00314400000025,,3.0,S,W,0.00314400000025,0.0161149999999
0.0192590000001,2.0,,W,A,0.0192590000001,3.69999997929e-05
0.0192959999999,,2.0,A,D,0.0192959999999,0.00124099999994
0.0205369999999,,2.0,D,W,0.0205369999999,0.00010599999996
0.0206429999998,1.0,,W,A,0.0206429999998,1.70000002981e-05
0.0206600000001,,1.0,A,R+,0.0206600000001,3.50000000253e-05
0.0206950000002,,1.0,R+,A,0.0206950000002,9.09999998839e-05
0.020786,,1.0,A,R,0.020786,0.000152000000071
0.0209380000001,,1.0,R,A,0.0209380000001,8.50000001265e-05
0.0210230000002,,1.0,A,R+,0.0210230000002,0.000135999999657
0.0211589999999,,1.0,R+,A,0.0211589999999,0.000117999999929
0.0212769999998,,1.0,A,R+,0.0212769999998,0.000301000000036
0.0215779999999,,1.0,R+,A,0.0215779999999,0.000138000000334
0.0217160000002,,1.0,A,R+,0.0217160000002,6.49999997222e-05
0.0217809999999,,1.0,R+,A,0.0217809999999,0.00132200000007
0.023103,,1.0,A,S,0.023103,0.00188500000013
0.0249880000001,,1.0,S,W,0.0249880000001,0.000263999999788
0.0252519999999,1.0,,W,A,0.0252519999999,0.000430999999935
0.0256829999998,,1.0,A,R+,0.0256829999998,0.00257600000032
0.0282590000002,,1.0,R+,A,0.0282590000002,0.00018
0.0284390000002,,1.0,A,D,0.0284390000002,0.000113000000056
0.0285520000002,,1.0,D,W,0.0285520000002,0.000630000000001
0.0291820000002,3.0,,W,A,0.0291820000002,1.29999998535e-05
0.0291950000001,,3.0,A,R+,0.0291950000001,0.000211000000036
0.0294060000001,,3.0,R+,A,0.0294060000001,7.9999999798e-06
0.0294140000001,,3.0,A,D,0.0294140000001,0.000427999999829
0.0298419999999,,3.0,D,W,0.0298419999999,0.000129000000015
0.0299709999999,3.0,,W,A,0.0299709999999,2.70000000455e-05
0.029998,,3.0,A,R+,0.029998,0.000133000000005
0.030131,,3.0,R+,A,0.030131,7.00000009601e-06
0.0301380000001,,3.0,A,R+,0.0301380000001,0.000330999999733
0.0304689999998,,3.0,R+,A,0.0304689999998,6.00000021223e-06
0.030475,,3.0,A,R+,0.030475,0.000230000000101
0.0307050000001,,3.0,R+,A,0.0307050000001,2.79999999293e-05
0.0307330000001,,3.0,A,R+,0.0307330000001,8.50000001265e-05
0.0308180000002,,3.0,R+,A,0.0308180000002,2.70000000455e-05
0.0308450000002,,3.0,A,R+,0.0308450000002,0.00119499999983
0.0320400000001,,3.0,R+,A,0.0320400000001,0.000282999999854
0.0323229999999,,3.0,A,R+,0.0323229999999,0.00150900000017
0.0338320000001,,3.0,R+,A,0.0338320000001,0.000121000000036
0.0339530000001,,3.0,A,R+,0.0339530000001,2.89999998131e-05
0.0339819999999,,3.0,R+,A,0.0339819999999,8.10000001366e-05
0.0340630000001,,3.0,A,R,0.0340630000001,0.00669100000005
0.0407540000001,,3.0,R,A,0.0407540000001,2.09999998333e-05
0.0407749999999,,3.0,A,R,0.0407749999999,0.000101000000086
0.040876,,3.0,R,A,0.040876,1.80000001819e-05
0.0408940000002,,3.0,A,R,0.0408940000002,0.000340999999935
0.0412350000001,,3.0,R,A,0.0412350000001,0.00010999999995
0.0413450000001,,3.0,A,R+,0.0413450000001,0.00266699999975
0.0440119999998,,3.0,R+,A,0.0440119999998,0.000226999999995
0.0442389999998,,3.0,A,R+,0.0442389999998,0.00223600000027
0.0464750000001,,3.0,R+,A,0.0464750000001,0.000361999999768
0.0468369999999,,3.0,A,R+,0.0468369999999,0.00136199999997
0.0481989999998,,3.0,R+,A,0.0481989999998,0.000271000000339
0.0484700000002,,3.0,A,S,0.0484700000002,0.00191199999972
0.0503819999999,,3.0,S,W,0.0503819999999,0.00108600000021
0.0514680000001,2.0,,W,A,0.0514680000001,2.09999998333e-05
0.0514889999999,,2.0,A,R,0.0514889999999,0.000274999999874
0.0517639999998,,2.0,R,A,0.0517639999998,7.40000000405e-05
0.0518379999999,,2.0,A,S,0.0518379999999,5.70000001971e-05
0.0518950000001,,2.0,S,W,0.0518950000001,0.000758000000133
0.0526530000002,3.0,,W,A,0.0526530000002,2.39999999394e-05
0.0526770000001,,3.0,A,S,0.0526770000001,8.49999996717e-05
0.0527619999998,,3.0,S,W,0.0527619999998,0.000312000000122
0.0530739999999,3.0,,W,A,0.0530739999999,2.50000002779e-05
0.0530990000002,,3.0,A,S,0.0530990000002,0.000826999999845
0.053926,,3.0,S,W,0.053926,0.00398300000006
0.0579090000001,2.0,,W,A,0.0579090000001,8.99999986359e-06
0.057918,,2.0,A,R,0.057918,0.000119000000268
0.0580370000002,,2.0,R,A,0.0580370000002,2.89999998131e-05
0.0580660000001,,3.0,A,S,0.0580660000001,0.00124599999981
0.0593119999999,,3.0,S,W,0.0593119999999,0.000314000000344
0.0596260000002,3.0,,W,A,0.0596260000002,2.49999998232e-05
0.059651,,3.0,A,S,0.059651,0.000181999999768
0.0598329999998,,3.0,S,W,0.0598329999998,0.00950200000034
0.0693350000001,3.0,,W,A,0.0693350000001,0.000123999999687
0.0694589999998,,3.0,A,S,0.0694589999998,2.60000001617e-05
0.069485,,3.0,S,W,0.069485,7.9999999798e-06
0.069493,3.0,,W,A,0.069493,0.000456000000213
0.0699490000002,,3.0,A,R,0.0699490000002,0.000596999999743
0.0705459999999,,3.0,R,A,0.0705459999999,0.000201000000288
0.0707470000002,,3.0,A,R,0.0707470000002,9.49999998738e-05
0.0708420000001,,3.0,R,A,0.0708420000001,1.50000000758e-05
0.0708570000002,,3.0,A,R+,0.0708570000002,0.000115999999707
0.0709729999999,,3.0,R+,A,0.0709729999999,0.000127000000248
0.0711000000001,,3.0,A,S,0.0711000000001,1.79999997272e-05
0.0711179999998,,3.0,S,W,0.0711179999998,0.00531200000023
0.0764300000001,3.0,,W,A,0.0764300000001,4.89999997626e-05
0.0764789999998,,3.0,A,R+,0.0764789999998,0.00101600000016
0.077495,,3.0,R+,A,0.077495,0.00017600000001
0.077671,,3.0,A,S,0.077671,0.000140000000101
0.0778110000001,,3.0,S,W,0.0778110000001,0.00793999999996
0.0857510000001,3.0,,W,A,0.0857510000001,0.00036399999999
0.0861150000001,,3.0,A,S,0.0861150000001,3.50000000253e-05
0.0861500000001,,3.0,S,W,0.0861500000001,3.9999999899e-05
0.08619,3.0,,W,A,0.08619,7.9999999798e-06
0.086198,,3.0,A,R+,0.086198,0.000556999999844
0.0867549999998,,3.0,R+,A,0.0867549999998,9.30000001063e-05
0.0868479999999,,3.0,A,S,0.0868479999999,1.50000000758e-05
0.086863,,3.0,S,W,0.086863,0.00502899999992
0.0918919999999,3.0,,W,A,0.0918919999999,0.00039599999991
0.0922879999998,,3.0,A,R+,0.0922879999998,0.00109800000018
0.093386,,3.0,R+,A,0.093386,0.000192999999854
0.0935789999999,,3.0,A,S,0.0935789999999,0.000162000000273
0.0937410000001,,3.0,S,W,0.0937410000001,0.00871699999971
0.102458,3.0,,W,A,0.102458,0.000332999999955
0.102791,,3.0,A,R+,0.102791,0.000582000000122
0.103373,,3.0,R+,A,0.103373,0.000152999999955
0.103526,,3.0,A,S,0.103526,1.4000000192e-05
0.10354,,3.0,S,W,0.10354,0.00536199999988
0.108902,3.0,,W,A,0.108902,5.19999998687e-05
0.108954,,3.0,A,R+,0.108954,0.00129800000013
0.110252,,3.0,R+,A,0.110252,0.000223999999889
0.110476,,3.0,A,S,0.110476,0.000194000000192
0.11067,,3.0,S,W,0.11067,0.0257080000001
0.136378,3.0,,W,A,0.136378,1.99999999495e-05
0.136398,,3.0,A,S,0.136398,3.2999999803e-05
0.136431,,3.0,S,W,0.136431,1.00000002021e-05
0.136441,3.0,,W,A,0.136441,3.9999999899e-06
0.136445,,3.0,A,S,0.136445,0.000551999999971
0.136997,,3.0,S,W,0.136997,9.99999974738e-06
0.137007,3.0,,W,A,0.137007,3.9999999899e-06
0.137011,,3.0,A,S,0.137011,0.00366800000029
0.140679,,3.0,S,W,0.140679,0.000191000000086
0.14087,3.0,,W,A,0.14087,3.69999997929e-05
0.140907,,3.0,A,R,0.140907,0.000131000000238
0.141038,,3.0,R,A,0.141038,1.99999999495e-05
0.141058,,3.0,A,R,0.141058,0.000115999999707
0.141174,,3.0,R,A,0.141174,1.59999999596e-05
0.14119,,3.0,A,R+,0.14119,0.00144200000022
0.142632,,3.0,R+,A,0.142632,0.000378000000183
0.14301,,3.0,A,S,0.14301,0.000320999999985
0.143331,,3.0,S,W,0.143331,0.000639999999748
0.143971,3.0,,W,A,0.143971,7.9999999798e-06
0.143979,,3.0,A,S,0.143979,1.90000000657e-05
0.143998,,3.0,S,W,0.143998,8.99999986359e-06
0.144007,3.0,,W,A,0.144007,3.9999999899e-06
0.144011,,3.0,A,S,0.144011,3.10000000354e-05
0.144042,,3.0,S,W,0.144042,0.0057710000001
0.149813,2.0,,W,A,0.149813,3.00000001516e-05
0.149843,,2.0,A,R,0.149843,6.89999997121e-05
0.149912,,2.0,R,A,0.149912,1.00000002021e-05
0.149922,,2.0,A,R,0.149922,0.00298199999997
0.152904,,2.0,R,A,0.152904,1.50000000758e-05
0.152919,,2.0,A,R,0.152919,0.000142999999753
0.153062,,2.0,R,A,0.153062,6.40000002932e-05
0.153126,,2.0,A,R+,0.153126,0.00187199999982
0.154998,,2.0,R+,A,0.154998,0.000256000000263
0.155254,,2.0,A,R+,0.155254,0.000882999999703
0.156137,,2.0,R+,A,0.156137,6.60000000607e-05
0.156203,,2.0,A,R+,0.156203,0.000276000000213
0.156479,,2.0,R+,A,0.156479,0.000368999999864
0.156848,,2.0,A,R+,0.156848,0.000801000000138
0.157649,,2.0,R+,A,0.157649,0.00112999999965
0.158779,,2.0,A,R,0.158779,0.000660000000153
0.159439,,2.0,R,A,0.159439,3.9999999899e-05
0.159479,,2.0,A,R+,0.159479,0.000561000000289
0.16004,,2.0,R+,A,0.16004,0.000196999999844
0.160237,,2.0,A,R+,0.160237,0.00137300000006
0.16161,,2.0,R+,A,0.16161,0.000201999999717
0.161812,,2.0,A,S,0.161812,2.50000002779e-05
0.161837,,2.0,S,W,0.161837,0.00160000000005
0.163437,3.0,,W,A,0.163437,6.39999998384e-05
0.163501,,3.0,A,S,0.163501,0.000215999999909
0.163717,,3.0,S,W,0.163717,0.00624900000003
0.169966,3.0,,W,A,0.169966,0.000140000000101
0.170106,,3.0,A,R,0.170106,1.99999999495e-05
0.170126,,3.0,R,A,0.170126,3.40000001415e-05
0.17016,,3.0,A,R+,0.17016,3.79999996767e-05
0.170198,,3.0,R+,A,0.170198,8.00000043455e-06
0.170206,,3.0,A,S,0.170206,2.29999996009e-05
0.170229,,3.0,S,W,0.170229,0.000489000000016
0.170718,3.0,,W,A,0.170718,6.00000021223e-06
0.170724,,3.0,A,R,0.170724,6.5000000177e-05
0.170789,,3.0,R,A,0.170789,4.99999987369e-06
0.170794,,3.0,A,R,0.170794,8.09999996818e-05
0.170875,,3.0,R,A,0.170875,4.00000044465e-06
0.170879,,3.0,A,R+,0.170879,0.000163999999586
0.171043,,3.0,R+,A,0.171043,2.70000000455e-05
0.17107,,3.0,A,R,0.17107,3.80000001314e-05
0.171108,,3.0,R,A,0.171108,2.60000001617e-05
0.171134,,3.0,A,R+,0.171134,3.90000000152e-05
0.171173,,3.0,R+,A,0.171173,7.09999999344e-05
0.171244,,3.0,A,R+,0.171244,0.000353999999788
0.171598,,3.0,R+,A,0.171598,0.000116000000162
0.171714,,3.0,A,S,0.171714,1.69999998434e-05
0.171731,,3.0,S,W,0.171731,0.00384600000007
0.175577,3.0,,W,A,0.175577,7.30000001568e-05
0.17565,,3.0,A,R+,0.17565,0.00152499999967
0.177175,,3.0,R+,A,0.177175,0.000267000000349
0.177442,,3.0,A,S,0.177442,0.000168000000031
0.17761,,3.0,S,W,0.17761,0.0086809999998
0.186291,3.0,,W,A,0.186291,9.89999998637e-05
0.18639,,3.0,A,S,0.18639,5.89999999647e-05
0.186449,,3.0,S,W,0.186449,0.000682000000324
0.187131,3.0,,W,A,0.187131,2.39999999394e-05
0.187155,,3.0,A,R+,0.187155,0.000649999999951
0.187805,,3.0,R+,A,0.187805,0.00011399999994
0.187919,,3.0,A,S,0.187919,1.80000001819e-05
0.187937,,3.0,S,W,0.187937,0.00407300000006
0.19201,3.0,,W,A,0.19201,0.000430999999935
0.192441,,3.0,A,R+,0.192441,0.00126399999999
0.193705,,3.0,R+,A,0.193705,0.000254000000041
0.193959,,3.0,A,S,0.193959,0.000184999999874
0.194144,,3.0,S,W,0.194144,0.00850600000012
0.20265,3.0,,W,A,0.20265,0.000370999999632
0.203021,,3.0,A,S,0.203021,5.90000004195e-05
0.20308,,3.0,S,W,0.20308,0.00275299999976
0.205833,3.0,,W,A,0.205833,1.10000000859e-05
0.205844,,3.0,A,S,0.205844,4.49999997727e-05
0.205889,,3.0,S,W,0.205889,0.000490000000354
0.206379,3.0,,W,A,0.206379,4.59999996565e-05
0.206425,,3.0,A,R,0.206425,7.2000000273e-05
0.206497,,3.0,R,A,0.206497,9.99999974738e-06
0.206507,,3.0,A,R+,0.206507,0.00117300000011
0.20768,,3.0,R+,A,0.20768,0.000110999999833
0.207791,,3.0,A,S,0.207791,2.00000004043e-05
0.207811,,3.0,S,W,0.207811,0.000825999999961
0.208637,3.0,,W,A,0.208637,3.79999996767e-05
0.208675,,3.0,A,R,0.208675,1.30000003082e-05
0.208688,,3.0,R,A,0.208688,6.99999964127e-06
0.208695,,3.0,A,R,0.208695,0.000531000000137
0.209226,,3.0,R,A,0.209226,2.50000002779e-05
0.209251,,3.0,A,R+,0.209251,3.39999996868e-05
0.209285,,3.0,R+,A,0.209285,7.9999999798e-06
0.209293,,3.0,A,R,0.209293,4.60000001112e-05
0.209339,,3.0,R,A,0.209339,7.00000009601e-06
0.209346,,3.0,A,R,0.209346,7.19999998182e-05
0.209418,,3.0,R,A,0.209418,7.9999999798e-06
0.209426,,3.0,A,R,0.209426,4.20000001213e-05
0.209468,,3.0,R,A,0.209468,7.00000009601e-06
0.209475,,3.0,A,R+,0.209475,0.000324999999975
0.2098,,3.0,R+,A,0.2098,0.00018399999999
0.209984,,3.0,A,S,0.209984,0.000144999999975
0.210129,,3.0,S,W,0.210129,0.013085
0.223214,3.0,,W,A,0.223214,1.39999997373e-05
0.223228,,3.0,A,R+,0.223228,0.000253000000157
0.223481,,3.0,R+,A,0.223481,1.00000002021e-05
0.223491,,3.0,A,R+,0.223491,9.99999974738e-06
0.223501,,3.0,R+,A,0.223501,6.80000002831e-05
0.223569,,3.0,A,R+,0.223569,0.000160999999935
0.22373,,3.0,R+,A,0.22373,8.60000000102e-05
0.223816,,3.0,A,R+,0.223816,0.000348000000031
0.224164,,3.0,R+,A,0.224164,0.00010199999997
0.224266,,3.0,A,S,0.224266,2.79999999293e-05
0.224294,,3.0,S,W,0.224294,0.00201900000002
0.226313,3.0,,W,A,0.226313,5.69999997424e-05
0.22637,,3.0,A,R,0.22637,9.60000002124e-05
0.226466,,3.0,R,A,0.226466,7.00000009601e-06
0.226473,,3.0,A,R,0.226473,0.000110999999833
0.226584,,3.0,R,A,0.226584,1.10000000859e-05
0.226595,,3.0,A,R,0.226595,6.60000000607e-05
0.226661,,3.0,R,A,0.226661,7.9999999798e-06
0.226669,,3.0,A,R,0.226669,4.39999998889e-05
0.226713,,3.0,R,A,0.226713,7.00000009601e-06
0.22672,,3.0,A,R+,0.22672,0.00169699999969
0.228417,,3.0,R+,A,0.228417,0.000200000000405
0.228617,,3.0,A,S,0.228617,0.000169999999798
0.228787,,3.0,S,W,0.228787,0.00736400000005
0.236151,3.0,,W,A,0.236151,0.000419999999849
0.236571,,3.0,A,R,0.236571,0.000115000000278
0.236686,,3.0,R,A,0.236686,1.79999997272e-05
0.236704,,3.0,A,R+,0.236704,0.000158000000283
0.236862,,3.0,R+,A,0.236862,1.09999996312e-05
0.236873,,3.0,A,R+,0.236873,1.30000003082e-05
0.236886,,3.0,R+,A,0.236886,7.09999999344e-05
0.236957,,3.0,A,R+,0.236957,0.000197999999727
0.237155,,3.0,R+,A,0.237155,0.000120000000152
0.237275,,3.0,A,R+,0.237275,0.000101000000086
0.237376,,3.0,R+,A,0.237376,0.000356000000011
0.237732,,3.0,A,R+,0.237732,0.000379000000066
0.238111,,3.0,R+,A,0.238111,7.00000000506e-05
0.238181,,3.0,A,S,0.238181,4.09999997828e-05
0.238222,,3.0,S,W,0.238222,0.00364399999989
0.241866,3.0,,W,A,0.241866,6.5000000177e-05
0.241931,,2.0,A,D,0.241931,0.00110200000017
0.243033,,2.0,D,W,0.243033,0.000847999999678
0.243881,3.0,,W,A,0.243881,1.30000003082e-05
0.243894,,3.0,A,R+,0.243894,0.000957999999628
0.244852,,3.0,R+,A,0.244852,0.000204000000394
0.245056,,3.0,A,R,0.245056,0.000143999999636
0.2452,,3.0,R,A,0.2452,0.000396000000364
0.245596,,3.0,A,S,0.245596,0.00010999999995
0.245706,,3.0,S,W,0.245706,0.00726499999973
0.252971,3.0,,W,A,0.252971,0.00113499999998
0.254106,,3.0,A,R+,0.254106,0.00028999999995
0.254396,,3.0,R+,A,0.254396,1.10000000859e-05
0.254407,,3.0,A,R+,0.254407,9.00000031834e-06
0.254416,,3.0,R+,A,0.254416,0.000103999999737
0.25452,,3.0,A,R+,0.25452,0.000158000000283
0.254678,,3.0,R+,A,0.254678,9.00000000001e-05
0.254768,,3.0,A,R+,0.254768,0.000346999999692
0.255115,,3.0,R+,A,0.255115,9.49999998738e-05
0.25521,,3.0,A,S,0.25521,2.20000001718e-05
0.255232,,3.0,S,W,0.255232,0.00392000000011
0.259152,3.0,,W,A,0.259152,4.79999998788e-05
0.2592,,3.0,A,R+,0.2592,1.99999999495e-05
0.25922,,3.0,R+,A,0.25922,8.00000002528e-05
0.2593,,3.0,A,R,0.2593,9.09999998839e-05
0.259391,,3.0,R,A,0.259391,7.9999999798e-06
0.259399,,3.0,A,R,0.259399,1.99999999495e-05
0.259419,,3.0,R,A,0.259419,4.99999987369e-06
0.259424,,3.0,A,R,0.259424,0.000778999999966
0.260203,,3.0,R,A,0.260203,1.50000000758e-05
0.260218,,3.0,A,R,0.260218,0.00112800000034
0.261346,,3.0,R,A,0.261346,2.09999998333e-05
0.261367,,3.0,A,R+,0.261367,5.4000000091e-05
0.261421,,3.0,R+,A,0.261421,0.000321999999869
0.261743,,3.0,A,R,0.261743,0.000145999999859
0.261889,,3.0,R,A,0.261889,0.000418999999965
0.262308,,3.0,A,S,0.262308,8.60000000102e-05
0.262394,,3.0,S,W,0.262394,0.174854
0.437248,3.0,,W,A,0.437248,7.89999999142e-05
0.437327,,3.0,A,S,0.437327,5.29999997525e-05
0.43738,,3.0,S,W,0.43738,0.000919999999951
0.4383,3.0,,W,A,0.4383,2.40000003942e-05
0.438324,,3.0,A,R+,0.438324,0.000322999999753
0.438647,,3.0,R+,A,0.438647,9.49999998738e-05
0.438742,,3.0,A,R,0.438742,0.000215000000026
0.438957,,3.0,R,A,0.438957,7.00000009601e-06
0.438964,,3.0,A,R+,0.438964,0.000119000000268
0.439083,,3.0,R+,A,0.439083,0.000145999999859
0.439229,,3.0,A,R+,0.439229,0.00187700000015
0.441106,,3.0,R+,A,0.441106,0.000208999999813
0.441315,,3.0,A,S,0.441315,0.000173999999788
0.441489,,3.0,S,W,0.441489,0.296227
0.737716,3.0,,W,A,0.737716,3.9999999899e-05
0.737756,,3.0,A,S,0.737756,4.90000002173e-05
0.737805,,3.0,S,W,0.737805,1.09999996312e-05
0.737816,3.0,,W,A,0.737816,3.9999999899e-06
0.73782,,3.0,A,S,0.73782,5.00000001011e-05
0.73787,,3.0,S,W,0.73787,0.0077540000002
0.745624,3.0,,W,A,0.745624,7.00000009601e-06
0.745631,,3.0,A,S,0.745631,3.19999999192e-05
0.745663,,3.0,S,W,0.745663,1.10000000859e-05
0.745674,3.0,,W,A,0.745674,3.9999999899e-06
0.745678,,3.0,A,S,0.745678,0.000617999999577
0.746296,,3.0,S,W,0.746296,2.20000001718e-05
0.746318,2.0,,W,A,0.746318,3.70000002476e-05
0.746355,,2.0,A,S,0.746355,0.000826999999845
0.747182,,2.0,S,W,0.747182,0.00019999999995
0.747382,2.0,,W,A,0.747382,7.59999998081e-05
0.747458,,2.0,A,S,0.747458,0.00295300000016
0.750411,,2.0,S,W,0.750411,0.000551999999971
0.750963,2.0,,W,A,0.750963,0.000432000000274
0.751395,,2.0,A,S,0.751395,0.000306999999793
0.751702,,2.0,S,W,0.751702,0.00269100000014
0.754393,2.0,,W,A,0.754393,0.000238000000081
0.754631,,2.0,A,R,0.754631,4.79999998788e-05
0.754679,,2.0,R,A,0.754679,0.000130999999783
0.75481,,2.0,A,D,0.75481,3.40000001415e-05
0.754844,,2.0,D,W,0.754844,1.4000000192e-05
0.754858,2.0,,W,A,0.754858,1.39999997373e-05
0.754872,,2.0,A,S,0.754872,3.80000001314e-05
0.75491,,2.0,S,W,0.75491,0.000576999999794
0.755487,2.0,,W,A,0.755487,3.80000001314e-05
0.755525,,2.0,A,R+,0.755525,0.000649000000067
0.756174,,2.0,R+,A,0.756174,0.000129999999899
0.756304,,2.0,A,R+,0.756304,0.000505999999859
0.75681,,2.0,R+,A,0.75681,0.000238000000081
0.757048,,2.0,A,R,0.757048,0.000410999999986
0.757459,,2.0,R,A,0.757459,5.80000000809e-05
0.757517,,2.0,A,R+,0.757517,0.00246199999992
0.759979,,2.0,R+,A,0.759979,0.000347000000147
0.760326,,2.0,A,S,0.760326,0.000298999999814
0.760625,,2.0,S,W,0.760625,0.0103859999999
0.771011,2.0,,W,A,0.771011,0.000214000000142
0.771225,,2.0,A,S,0.771225,7.40000000405e-05
0.771299,,2.0,S,W,0.771299,0.00065799999993
0.771957,2.0,,W,A,0.771957,5.09999999849e-05
0.772008,,2.0,A,R,0.772008,0.000613000000158
0.772621,,2.0,R,A,0.772621,0.00127100000009
0.773892,,2.0,A,R,0.773892,0.000279999999748
0.774172,,2.0,R,A,0.774172,5.00000001011e-05
0.774222,,2.0,A,R+,0.774222,0.000290999999834
0.774513,,2.0,R+,A,0.774513,0.000212000000374
0.774725,,2.0,A,R,0.774725,0.000800999999683
0.775526,,2.0,R,A,0.775526,0.000134000000344
0.77566,,2.0,A,R,0.77566,0.000146999999743
0.775807,,2.0,R,A,0.775807,0.000770000000102
0.776577,,2.0,A,R+,0.776577,0.00188399999979
0.778461,,2.0,R+,A,0.778461,0.000348999999915
0.77881,,2.0,A,S,0.77881,0.000268000000233
0.779078,,2.0,S,W,0.779078,0.00844999999981
0.787528,2.0,,W,A,0.787528,0.000204000000394
0.787732,,2.0,A,S,0.787732,6.69999999445e-05
0.787799,,2.0,S,W,0.787799,0.000619999999799
0.788419,2.0,,W,A,0.788419,7.49999999243e-05
0.788494,,2.0,A,R+,0.788494,0.00108500000033
0.789579,,2.0,R+,A,0.789579,0.000236999999743
0.789816,,2.0,A,R,0.789816,0.00105200000007
0.790868,,2.0,R,A,0.790868,6.60000000607e-05
0.790934,,2.0,A,R+,0.790934,0.0015269999999
0.792461,,2.0,R+,A,0.792461,0.000744999999824
0.793206,,2.0,A,S,0.793206,2.90000002678e-05
0.793235,,2.0,S,W,0.793235,0.000565999999708
0.793801,2.0,,W,A,0.793801,5.20000003235e-05
0.793853,,2.0,A,S,0.793853,0.000299999999697
0.794153,,2.0,S,W,0.794153,0.0122630000001
0.806416,2.0,,W,A,0.806416,0.000442999999905
0.806859,,2.0,A,S,0.806859,0.000178000000233
0.807037,,2.0,S,W,0.807037,0.00358599999981
0.810623,0.0,,W,A,0.810623,6.69999999445e-05
0.81069,,0.0,A,R+,0.81069,0.000542000000223
0.811232,,0.0,R+,A,0.811232,0.000705999999809
0.811938,,0.0,A,R+,0.811938,0.000837000000047
0.812775,,0.0,R+,A,0.812775,2.20000001718e-05
0.812797,,0.0,A,R+,0.812797,9.70000000962e-05
0.812894,,0.0,R+,A,0.812894,0.000258999999915
0.813153,,0.0,A,R,0.813153,0.000630000000001
0.813783,,0.0,R,A,0.813783,2.49999998232e-05
0.813808,,0.0,A,R,0.813808,0.000115000000278
0.813923,,0.0,R,A,0.813923,1.39999997373e-05
0.813937,,0.0,A,R,0.813937,0.00019599999996
0.814133,,0.0,R,A,0.814133,0.000108000000182
0.814241,,0.0,A,R,0.814241,0.000978999999916
0.81522,,0.0,R,A,0.81522,0.000472000000173
0.815692,,0.0,A,R,0.815692,0.000395000000026
0.816087,,0.0,R,A,0.816087,2.70000000455e-05
0.816114,,0.0,A,R,0.816114,6.69999999445e-05
0.816181,,0.0,R,A,0.816181,1.59999999596e-05
0.816197,,0.0,A,R,0.816197,6.49999997222e-05
0.816262,,0.0,R,A,0.816262,0.000114000000394
0.816376,,0.0,A,R,0.816376,6.5999999606e-05
0.816442,,0.0,R,A,0.816442,2.50000002779e-05
0.816467,,0.0,A,R,0.816467,0.000179000000117
0.816646,,0.0,R,A,0.816646,0.0013299999996
0.817976,,0.0,A,R+,0.817976,0.00134500000013
0.819321,,0.0,R+,A,0.819321,0.000496000000112
0.819817,,0.0,A,S,0.819817,0.000337999999829
0.820155,,0.0,S,W,0.820155,0.00114000000031
0.821295,1.0,,W,A,0.821295,1.8999999611e-05
0.821314,,1.0,A,S,0.821314,6.70000003993e-05
0.821381,,1.0,S,W,0.821381,0.00108499999988
0.822466,2.0,,W,A,0.822466,3.59999999091e-05
0.822502,,2.0,A,R,0.822502,0.000348000000031
0.82285,,2.0,R,A,0.82285,4.09999997828e-05
0.822891,,2.0,A,R,0.822891,8.90000001164e-05
0.82298,,2.0,R,A,0.82298,0.000139000000217
0.823119,,2.0,A,R+,0.823119,0.00112600000011
0.824245,,2.0,R+,A,0.824245,0.00059199999987
0.824837,,2.0,A,R,0.824837,4.60000001112e-05
0.824883,,2.0,R,A,0.824883,0.000507999999627
0.825391,,2.0,A,R,0.825391,0.000342000000273
0.825733,,2.0,R,A,0.825733,0.000676999999996
0.82641,,2.0,A,R+,0.82641,0.00321099999974
0.829621,,2.0,R+,A,0.829621,0.000360000000001
0.829981,,2.0,A,S,0.829981,0.000328000000081
0.830309,,2.0,S,W,0.830309,0.00740500000029
0.837714,2.0,,W,A,0.837714,0.000266000000011
0.83798,,2.0,A,S,0.83798,0.000100999999631
0.838081,,2.0,S,W,0.838081,0.000541000000339
0.838622,2.0,,W,A,0.838622,8.09999996818e-05
0.838703,,2.0,A,R+,0.838703,0.00139800000034
0.840101,,2.0,R+,A,0.840101,0.000167999999576
0.840269,,2.0,A,S,0.840269,3.10000000354e-05
0.8403,,2.0,S,W,0.8403,0.00309400000015
0.843394,3.0,,W,A,0.843394,9.399999999e-05
0.843488,,3.0,A,R,0.843488,2.20000001718e-05
0.84351,,3.0,R,A,0.84351,1.10000000859e-05
0.843521,,3.0,A,R,0.843521,0.00256899999977
0.84609,,3.0,R,A,0.84609,1.90000000657e-05
0.846109,,3.0,A,R+,0.846109,0.000607999999829
0.846717,,3.0,R+,A,0.846717,0.000362000000223
0.847079,,3.0,A,S,0.847079,0.000274999999874
0.847354,,3.0,S,W,0.847354,0.00707199999988
0.854426,1.0,,W,A,0.854426,1.50000000758e-05
0.854441,,1.0,A,R,0.854441,3.90000000152e-05
0.85448,,1.0,R,A,0.85448,4.10000002375e-05
0.854521,,1.0,A,S,0.854521,5.99999998485e-05
0.854581,,1.0,S,W,0.854581,0.000897999999779
0.855479,1.0,,W,A,0.855479,1.70000002981e-05
0.855496,,1.0,A,R+,0.855496,0.00123600000006
0.856732,,1.0,R+,A,0.856732,0.000146999999743
0.856879,,1.0,A,S,0.856879,2.50000002779e-05
0.856904,,1.0,S,W,0.856904,0.00264299999981
0.859547,2.0,,W,A,0.859547,9.00000000001e-05
0.859637,,2.0,A,R+,0.859637,0.00200799999993
0.861645,,2.0,R+,A,0.861645,0.000207000000046
0.861852,,2.0,A,S,0.861852,0.000163000000157
0.862015,,2.0,S,W,0.862015,0.00987200000009
0.871887,1.0,,W,A,0.871887,2.39999999394e-05
0.871911,,1.0,A,R,0.871911,7.59999998081e-05
0.871987,,1.0,R,A,0.871987,7.19999998182e-05
0.872059,,1.0,A,S,0.872059,7.70000001467e-05
0.872136,,1.0,S,W,0.872136,0.00193900000022
0.874075,2.0,,W,A,0.874075,6.09999997323e-05
0.874136,,2.0,A,R,0.874136,0.000198000000182
0.874334,,2.0,R,A,0.874334,0.000383000000056
0.874717,,2.0,A,R+,0.874717,0.000776999999744
0.875494,,2.0,R+,A,0.875494,0.000125000000025
0.875619,,2.0,A,S,0.875619,1.90000000657e-05
0.875638,,2.0,S,W,0.875638,0.00164099999984
0.877279,3.0,,W,A,0.877279,6.20000000708e-05
0.877341,,3.0,A,R,0.877341,1.19999999697e-05
0.877353,,3.0,R,A,0.877353,5.00000032844e-06
0.877358,,3.0,A,R,0.877358,0.00206299999991
0.879421,,3.0,R,A,0.879421,2.89999998131e-05
0.87945,,3.0,A,R+,0.87945,0.000142000000324
0.879592,,3.0,R+,A,0.879592,0.000221999999667
0.879814,,3.0,A,S,0.879814,0.000230000000101
0.880044,,3.0,S,W,0.880044,0.0077510000001
0.887795,1.0,,W,A,0.887795,2.30000000556e-05
0.887818,,1.0,A,R+,0.887818,3.69999997929e-05
0.887855,,1.0,R+,A,0.887855,4.6999999995e-05
0.887902,,1.0,A,S,0.887902,0.000105000000076
0.888007,,1.0,S,W,0.888007,0.000872999999956
0.88888,2.0,,W,A,0.88888,7.09999999344e-05
0.888951,,2.0,A,R+,0.888951,0.00102000000015
0.889971,,2.0,R+,A,0.889971,0.000125000000025
0.890096,,2.0,A,S,0.890096,1.79999997272e-05
0.890114,,2.0,S,W,0.890114,0.00360000000001
0.893714,3.0,,W,A,0.893714,6.30000004094e-05
0.893777,,3.0,A,R,0.893777,1.29999998535e-05
0.89379,,3.0,R,A,0.89379,5.99999975748e-06
0.893796,,3.0,A,R+,0.893796,0.00217500000008
0.895971,,3.0,R+,A,0.895971,0.00027399999999
0.896245,,3.0,A,S,0.896245,0.000261000000137
0.896506,,3.0,S,W,0.896506,0.00812099999985
0.904627,3.0,,W,A,0.904627,0.000117999999929
0.904745,,3.0,A,R,0.904745,2.70000000455e-05
0.904772,,3.0,R,A,0.904772,1.4000000192e-05
0.904786,,3.0,A,S,0.904786,7.19999998182e-05
0.904858,,3.0,S,W,0.904858,0.00071700000035
0.905575,3.0,,W,A,0.905575,5.59999998586e-05
0.905631,,3.0,A,R+,0.905631,0.00145900000007
0.90709,,3.0,R+,A,0.90709,0.000181999999768
0.907272,,3.0,A,S,0.907272,2.60000001617e-05
0.907298,,3.0,S,W,0.907298,0.00347000000011
0.910768,2.0,,W,A,0.910768,7.09999999344e-05
0.910839,,2.0,A,R,0.910839,0.000254000000041
0.911093,,2.0,R,A,0.911093,0.0321019999997
0.943195,,2.0,A,R,0.943195,0.000115000000278
0.94331,,2.0,R,A,0.94331,0.000133000000005
0.943443,,2.0,A,R,0.943443,0.00144
0.944883,,2.0,R,A,0.944883,0.000121000000036
0.945004,,2.0,A,R,0.945004,0.00100900000007
0.946013,,2.0,R,A,0.946013,5.79999996262e-05
0.946071,,2.0,A,R,0.946071,1.90000000657e-05
0.94609,,2.0,R,A,0.94609,1.00000002021e-05
0.9461,,2.0,A,R,0.9461,0.000152000000071
0.946252,,2.0,R,A,0.946252,2.79999999293e-05
0.94628,,2.0,A,R+,0.94628,6.29999999546e-05
0.946343,,2.0,R+,A,0.946343,0.000298999999814
0.946642,,2.0,A,R+,0.946642,0.00140899999997
0.948051,,2.0,R+,A,0.948051,0.00687100000005
0.954922,,2.0,A,R+,0.954922,0.00227200000018
0.957194,,2.0,R+,A,0.957194,0.00224399999979
0.959438,,3.0,A,R+,0.959438,0.00099500000033
0.960433,,3.0,R+,A,0.960433,0.00145799999973
0.961891,,3.0,A,R+,0.961891,0.000180999999884
0.962072,,3.0,R+,A,0.962072,0.000190000000202
0.962262,,3.0,A,R+,0.962262,3.10000000354e-05
0.962293,,3.0,R+,A,0.962293,1.90000000657e-05
0.962312,,3.0,A,R,0.962312,0.000486999999794
0.962799,,3.0,R,A,0.962799,1.30000003082e-05
0.962812,,3.0,A,R+,0.962812,0.00123299999996
0.964045,,3.0,R+,A,0.964045,1.19999999697e-05
0.964057,,3.0,A,R,0.964057,6.29999999546e-05
0.96412,,3.0,R,A,0.96412,7.00000009601e-06
0.964127,,3.0,A,R,0.964127,3.79999996767e-05
0.964165,,3.0,R,A,0.964165,6.00000021223e-06
0.964171,,3.0,A,R+,0.964171,0.000430000000051
0.964601,,3.0,R+,A,0.964601,0.000212999999803
0.964814,,3.0,A,R+,0.964814,0.00101799999993
0.965832,,3.0,R+,A,0.965832,9.60000002124e-05
0.965928,,3.0,A,S,0.965928,1.50000000758e-05
0.965943,,3.0,S,W,0.965943,0.0101890000001
0.976132,3.0,,W,A,0.976132,6.09999997323e-05
0.976193,,3.0,A,R,0.976193,1.29999998535e-05
0.976206,,3.0,R,A,0.976206,6.00000021223e-06
0.976212,,3.0,A,S,0.976212,0.00183100000004
0.978043,,3.0,S,W,0.978043,0.00018
0.978223,3.0,,W,A,0.978223,4.09999997828e-05
0.978264,,3.0,A,R,0.978264,0.000524000000041
0.978788,,3.0,R,A,0.978788,9.00000031834e-06
0.978797,,3.0,A,R+,0.978797,0.000224999999773
0.979022,,3.0,R+,A,0.979022,7.00000009601e-06
0.979029,,3.0,A,R+,0.979029,0.000124000000142
0.979153,,3.0,R+,A,0.979153,9.19999997677e-05
0.979245,,3.0,A,S,0.979245,1.80000001819e-05
0.979263,,3.0,S,W,0.979263,0.0138239999997
0.993087,3.0,,W,A,0.993087,8.20000000203e-05
0.993169,,3.0,A,R,0.993169,1.30000003082e-05
0.993182,,3.0,R,A,0.993182,4.99999987369e-06
0.993187,,3.0,A,R+,0.993187,0.00190500000008
0.995092,,3.0,R+,A,0.995092,0.000200999999834
0.995293,,3.0,A,R+,0.995293,0.000957000000199
0.99625,,3.0,R+,A,0.99625,9.00000000001e-05
0.99634,,3.0,A,S,0.99634,1.50000000758e-05
0.996355,,3.0,S,W,0.996355,0.0143409999996
1.010696,3.0,,W,A,1.010696,8.00000002528e-05
1.010776,,3.0,A,R,1.010776,3.19999999192e-05
1.010808,,3.0,R,A,1.010808,0.00055599999996
1.011364,,3.0,A,R,1.011364,0.000179000000117
1.011543,,3.0,R,A,1.011543,0.000112000000172
1.011655,,3.0,A,R+,1.011655,0.00214799999958
1.013803,,3.0,R+,A,1.013803,0.00024300000041
1.014046,,3.0,A,R+,1.014046,0.00107799999978
1.015124,,3.0,R+,A,1.015124,0.000122999999803
1.015247,,3.0,A,S,1.015247,2.40000003942e-05
1.015271,,3.0,S,W,1.015271,0.011501
1.026772,3.0,,W,A,1.026772,6.09999997323e-05
1.026833,,3.0,A,R,1.026833,1.90000000657e-05
1.026852,,3.0,R,A,1.026852,8.99999986359e-06
1.026861,,3.0,A,R+,1.026861,0.00232600000027
1.029187,,3.0,R+,A,1.029187,0.000332999999955
1.02952,,3.0,A,R+,1.02952,0.00116399999979
1.030684,,3.0,R+,A,1.030684,0.000128000000132
1.030812,,3.0,A,S,1.030812,1.90000000657e-05
1.030831,,3.0,S,W,1.030831,0.0130610000001
1.043892,3.0,,W,A,1.043892,4.49999997727e-05
1.043937,,3.0,A,R,1.043937,1.80000001819e-05
1.043955,,3.0,R,A,1.043955,7.00000009601e-06
1.043962,,3.0,A,R+,1.043962,0.00233799999978
1.0463,,3.0,R+,A,1.0463,0.000246999999945
1.046547,,3.0,A,R+,1.046547,0.00103799999988
1.047585,,3.0,R+,A,1.047585,0.000127000000248
1.047712,,3.0,A,S,1.047712,1.80000001819e-05
1.04773,,3.0,S,W,1.04773,0.0122739999997
1.060004,3.0,,W,A,1.060004,4.79999998788e-05
1.060052,,3.0,A,R,1.060052,1.80000001819e-05
1.06007,,3.0,R,A,1.06007,1.10000000859e-05
1.060081,,3.0,A,R,1.060081,0.00170200000002
1.061783,,3.0,R,A,1.061783,0.00048199999992
1.062265,,3.0,A,R+,1.062265,0.000836000000163
1.063101,,3.0,R+,A,1.063101,0.000314999999773
1.063416,,3.0,A,R+,1.063416,0.00112100000024
1.064537,,3.0,R+,A,1.064537,0.000130999999783
1.064668,,3.0,A,S,1.064668,1.69999998434e-05
1.064685,,3.0,S,W,1.064685,0.0139330000002
1.078618,3.0,,W,A,1.078618,6.39999998384e-05
1.078682,,3.0,A,R,1.078682,1.70000002981e-05
1.078699,,3.0,R,A,1.078699,7.9999999798e-06
1.078707,,3.0,A,R+,1.078707,0.00250400000004
1.081211,,3.0,R+,A,1.081211,0.000252999999702
1.081464,,3.0,A,R+,1.081464,0.00112900000022
1.082593,,3.0,R+,A,1.082593,0.000193999999738
1.082787,,3.0,A,S,1.082787,2.20000001718e-05
1.082809,,3.0,S,W,1.082809,0.01278
1.095589,3.0,,W,A,1.095589,5.19999998687e-05
1.095641,,3.0,A,R,1.095641,1.70000002981e-05
1.095658,,3.0,R,A,1.095658,5.99999975748e-06
1.095664,,3.0,A,R+,1.095664,0.00247600000012
1.09814,,3.0,R+,A,1.09814,0.000242000000071
1.098382,,3.0,A,R,1.098382,0.00103499999977
1.099417,,3.0,R,A,1.099417,0.000193000000309
1.09961,,3.0,A,R+,1.09961,0.000244999999722
1.099855,,3.0,R+,A,1.099855,0.000151000000187
1.100006,,3.0,A,S,1.100006,2.49999998232e-05
1.100031,,3.0,S,W,1.100031,0.0110180000001
1.111049,3.0,,W,A,1.111049,6.69999999445e-05
1.111116,,3.0,A,R,1.111116,1.80000001819e-05
1.111134,,3.0,R,A,1.111134,9.99999974738e-06
1.111144,,3.0,A,R,1.111144,0.00124200000027
1.112386,,3.0,R,A,1.112386,9.99999974738e-06
1.112396,,3.0,A,R+,1.112396,0.00131999999985
1.113716,,3.0,R+,A,1.113716,0.000242999999955
1.113959,,3.0,A,R+,1.113959,0.00113900000042
1.115098,,3.0,R+,A,1.115098,0.000597999999627
1.115696,,3.0,A,S,1.115696,2.20000001718e-05
1.115718,,3.0,S,W,1.115718,0.012373
1.128091,2.0,,W,A,1.128091,5.4000000091e-05
1.128145,,2.0,A,R+,1.128145,0.00263199999972
1.130777,,2.0,R+,A,1.130777,0.000256000000263
1.131033,,2.0,A,R+,1.131033,0.00115099999994
1.132184,,2.0,R+,A,1.132184,0.000118999999813
1.132303,,2.0,A,S,1.132303,1.90000000657e-05
1.132322,,2.0,S,W,1.132322,0.0127830000001
1.145105,3.0,,W,A,1.145105,8.29999999041e-05
1.145188,,3.0,A,R,1.145188,1.59999999596e-05
1.145204,,3.0,R,A,1.145204,6.00000021223e-06
1.14521,,3.0,A,R+,1.14521,0.0025969999997
1.147807,,3.0,R+,A,1.147807,0.000268000000233
1.148075,,3.0,A,R+,1.148075,0.00118900000007
1.149264,,3.0,R+,A,1.149264,0.000189999999748
1.149454,,3.0,A,S,1.149454,1.99999999495e-05
1.149474,,3.0,S,W,1.149474,0.0117830000004
1.161257,3.0,,W,A,1.161257,8.39999997879e-05
1.161341,,3.0,A,R,1.161341,1.59999999596e-05
1.161357,,3.0,R,A,1.161357,6.00000021223e-06
1.161363,,3.0,A,R+,1.161363,0.00255599999991
1.163919,,3.0,R+,A,1.163919,0.000263999999788
1.164183,,3.0,A,R+,1.164183,0.00111900000002
1.165302,,3.0,R+,A,1.165302,0.000128000000132
1.16543,,3.0,A,S,1.16543,2.09999998333e-05
1.165451,,3.0,S,W,1.165451,0.0123250000001
1.177776,3.0,,W,A,1.177776,6.29999999546e-05
1.177839,,3.0,A,R,1.177839,1.90000000657e-05
1.177858,,3.0,R,A,1.177858,8.99999986359e-06
1.177867,,3.0,A,R+,1.177867,0.0023070000002
1.180174,,3.0,R+,A,1.180174,0.000250999999935
1.180425,,3.0,A,R+,1.180425,0.00113999999985
1.181565,,3.0,R+,A,1.181565,0.000125000000025
1.18169,,3.0,A,S,1.18169,1.80000001819e-05
1.181708,,3.0,S,W,1.181708,0.0131529999999
1.194861,3.0,,W,A,1.194861,4.79999998788e-05
1.194909,,3.0,A,R,1.194909,2.00000004043e-05
1.194929,,3.0,R,A,1.194929,9.99999974738e-06
1.194939,,3.0,A,R+,1.194939,0.00229200000012
1.197231,,3.0,R+,A,1.197231,0.000240999999733
1.197472,,3.0,A,R+,1.197472,0.00109100000009
1.198563,,3.0,R+,A,1.198563,0.000123000000258
1.198686,,3.0,A,S,1.198686,1.69999998434e-05
1.198703,,3.0,S,W,1.198703,0.0123410000001
1.211044,3.0,,W,A,1.211044,6.69999999445e-05
1.211111,,3.0,A,R,1.211111,1.90000000657e-05
1.21113,,3.0,R,A,1.21113,8.99999986359e-06
1.211139,,3.0,A,R+,1.211139,0.0023900000001
1.213529,,3.0,R+,A,1.213529,0.000238000000081
1.213767,,3.0,A,R+,1.213767,0.00104699999974
1.214814,,3.0,R+,A,1.214814,0.000121000000036
1.214935,,3.0,A,S,1.214935,1.90000000657e-05
1.214954,,3.0,S,W,1.214954,0.0137679999998
1.228722,3.0,,W,A,1.228722,8.10000001366e-05
1.228803,,3.0,A,R,1.228803,3.19999999192e-05
1.228835,,3.0,R,A,1.228835,0.000738000000183
1.229573,,3.0,A,R,1.229573,9.09999998839e-05
1.229664,,3.0,R,A,1.229664,5.49999999748e-05
1.229719,,3.0,A,R,1.229719,9.399999999e-05
1.229813,,3.0,R,A,1.229813,0.000119000000268
1.229932,,3.0,A,R,1.229932,0.000615999999809
1.230548,,3.0,R,A,1.230548,0.000364999999874
1.230913,,3.0,A,R+,1.230913,0.00191300000006
1.232826,,3.0,R+,A,1.232826,0.000261000000137
1.233087,,3.0,A,R+,1.233087,0.00119799999993
1.234285,,3.0,R+,A,1.234285,0.000140000000101
1.234425,,3.0,A,S,1.234425,1.79999997272e-05
1.234443,,3.0,S,W,1.234443,0.0107330000001
1.245176,3.0,,W,A,1.245176,9.30000001063e-05
1.245269,,3.0,A,R,1.245269,2.70000000455e-05
1.245296,,3.0,R,A,1.245296,3.40000001415e-05
1.24533,,3.0,A,R+,1.24533,0.00298699999985
1.248317,,3.0,R+,A,1.248317,0.000425000000178
1.248742,,3.0,A,R,1.248742,0.000226999999995
1.248969,,3.0,R,A,1.248969,9.59999997576e-05
1.249065,,3.0,A,R,1.249065,4.30000000051e-05
1.249108,,3.0,R,A,1.249108,1.69999998434e-05
1.249125,,3.0,A,R+,1.249125,0.00100600000042
1.250131,,3.0,R+,A,1.250131,0.000146999999743
1.250278,,3.0,A,S,1.250278,2.20000001718e-05
1.2503,,3.0,S,W,1.2503,0.0111099999999
1.26141,3.0,,W,A,1.26141,7.19999998182e-05
1.261482,,3.0,A,R,1.261482,1.50000000758e-05
1.261497,,3.0,R,A,1.261497,6.00000021223e-06
1.261503,,3.0,A,R+,1.261503,0.00245899999982
1.263962,,3.0,R+,A,1.263962,0.000258999999915
1.264221,,3.0,A,R+,1.264221,0.00115899999992
1.26538,,3.0,R+,A,1.26538,0.000133000000005
1.265513,,3.0,A,S,1.265513,2.00000004043e-05
1.265533,,3.0,S,W,1.265533,0.0121669999999
1.2777,3.0,,W,A,1.2777,6.89999997121e-05
1.277769,,3.0,A,R,1.277769,2.40000003942e-05
1.277793,,3.0,R,A,1.277793,8.99999986359e-06
1.277802,,3.0,A,R+,1.277802,0.002567
1.280369,,3.0,R+,A,1.280369,0.000255999999808
1.280625,,3.0,A,R,1.280625,0.000416000000314
1.281041,,3.0,R,A,1.281041,0.000462999999854
1.281504,,3.0,A,R+,1.281504,0.000766000000112
1.28227,,3.0,R+,A,1.28227,0.000135999999657
1.282406,,3.0,A,S,1.282406,1.90000000657e-05
1.282425,,3.0,S,W,1.282425,0.0128650000001
1.29529,3.0,,W,A,1.29529,5.49999999748e-05
1.295345,,3.0,A,R,1.295345,2.20000001718e-05
1.295367,,3.0,R,A,1.295367,1.29999998535e-05
1.29538,,3.0,A,R+,1.29538,0.00248899999997
1.297869,,3.0,R+,A,1.297869,0.000247999999829
1.298117,,3.0,A,R+,1.298117,0.00127300000031
1.29939,,3.0,R+,A,1.29939,0.000134999999773
1.299525,,3.0,A,S,1.299525,1.90000000657e-05
1.299544,,3.0,S,W,1.299544,0.0122310000002
1.311775,3.0,,W,A,1.311775,6.79999998283e-05
1.311843,,3.0,A,R,1.311843,2.1000000288e-05
1.311864,,3.0,R,A,1.311864,8.99999986359e-06
1.311873,,3.0,A,R+,1.311873,0.00245700000005
1.31433,,3.0,R+,A,1.31433,0.000250000000051
1.31458,,3.0,A,R+,1.31458,0.00112799999988
1.315708,,3.0,R+,A,1.315708,0.000128000000132
1.315836,,3.0,A,S,1.315836,1.8999999611e-05
1.315855,,3.0,S,W,1.315855,0.012013
1.327868,3.0,,W,A,1.327868,6.69999999445e-05
1.327935,,3.0,A,R,1.327935,2.00000004043e-05
1.327955,,3.0,R,A,1.327955,8.99999986359e-06
1.327964,,3.0,A,R+,1.327964,0.00250300000016
1.330467,,3.0,R+,A,1.330467,0.000249999999596
1.330717,,3.0,A,R,1.330717,0.00090900000032
1.331626,,3.0,R,A,1.331626,0.000481000000036
1.332107,,3.0,A,R+,1.332107,0.000333999999839
1.332441,,3.0,R+,A,1.332441,0.000132000000121
1.332573,,3.0,A,S,1.332573,1.90000000657e-05
1.332592,,3.0,S,W,1.332592,0.0123899999999
1.344982,2.0,,W,A,1.344982,6.29999999546e-05
1.345045,,2.0,A,R,1.345045,0.00108600000021
1.346131,,2.0,R,A,1.346131,0.000116999999591
1.346248,,2.0,A,R,1.346248,0.000311000000238
1.346559,,2.0,R,A,1.346559,0.000202000000172
1.346761,,2.0,A,R+,1.346761,0.00129199999992
1.348053,,2.0,R+,A,1.348053,0.000254999999925
1.348308,,2.0,A,R+,1.348308,0.00117599999976
1.349484,,2.0,R+,A,1.349484,0.00037199999997
1.349856,,2.0,A,S,1.349856,2.1000000288e-05
1.349877,,2.0,S,W,1.349877,0.0115809999998
1.361458,2.0,,W,A,1.361458,6.69999999445e-05
1.361525,,2.0,A,R+,1.361525,0.00249200000007
1.364017,,2.0,R+,A,1.364017,0.000284000000192
1.364301,,2.0,A,R,1.364301,6.39999998384e-05
1.364365,,2.0,R,A,1.364365,0.000136999999995
1.364502,,2.0,A,R+,1.364502,0.00103200000012
1.365534,,2.0,R+,A,1.365534,0.000112000000172
1.365646,,2.0,A,S,1.365646,2.19999997171e-05
1.365668,,2.0,S,W,1.365668,0.0129630000001
1.378631,3.0,,W,A,1.378631,5.70000001971e-05
1.378688,,3.0,A,R,1.378688,2.19999997171e-05
1.37871,,3.0,R,A,1.37871,1.00000002021e-05
1.37872,,3.0,A,R+,1.37872,0.00248399999964
1.381204,,3.0,R+,A,1.381204,0.000252000000273
1.381456,,3.0,A,R,1.381456,0.00077199999987
1.382228,,3.0,R,A,1.382228,1.10000000859e-05
1.382239,,3.0,A,R+,1.382239,0.00039199999992
1.382631,,3.0,R+,A,1.382631,0.000616000000264
1.383247,,3.0,A,S,1.383247,1.99999999495e-05
1.383267,,3.0,S,W,1.383267,0.0126949999999
1.395962,3.0,,W,A,1.395962,9.59999997576e-05
1.396058,,3.0,A,R,1.396058,2.1000000288e-05
1.396079,,3.0,R,A,1.396079,9.99999974738e-06
1.396089,,3.0,A,R+,1.396089,0.0025440000004
1.398633,,3.0,R+,A,1.398633,0.000263999999788
1.398897,,3.0,A,R+,1.398897,0.00128899999982
1.400186,,3.0,R+,A,1.400186,0.000136999999995
1.400323,,3.0,A,S,1.400323,2.1000000288e-05
1.400344,,3.0,S,W,1.400344,0.0111830000001
1.411527,3.0,,W,A,1.411527,8.20000000203e-05
1.411609,,3.0,A,R,1.411609,2.09999998333e-05
1.41163,,3.0,R,A,1.41163,8.99999986359e-06
1.411639,,3.0,A,R+,1.411639,0.00307300000031
1.414712,,3.0,R+,A,1.414712,0.00029799999993
1.41501,,3.0,A,R+,1.41501,0.00135399999999
1.416364,,3.0,R+,A,1.416364,0.000142999999753
1.416507,,3.0,A,S,1.416507,2.1000000288e-05
1.416528,,3.0,S,W,1.416528,0.0118539999999
1.428382,3.0,,W,A,1.428382,5.29999997525e-05
1.428435,,3.0,A,R,1.428435,2.1000000288e-05
1.428456,,3.0,R,A,1.428456,8.99999986359e-06
1.428465,,3.0,A,R+,1.428465,0.00273599999991
1.431201,,3.0,R+,A,1.431201,0.000279000000319
1.43148,,3.0,A,R+,1.43148,0.00136699999985
1.432847,,3.0,R+,A,1.432847,0.000137999999879
1.432985,,3.0,A,S,1.432985,2.39999999394e-05
1.433009,,3.0,S,W,1.433009,0.0127040000002
1.445713,3.0,,W,A,1.445713,9.79999999799e-05
1.445811,,3.0,A,R,1.445811,3.19999999192e-05
1.445843,,3.0,R,A,1.445843,0.000536000000011
1.446379,,3.0,A,R+,1.446379,0.00255100000004
1.44893,,3.0,R+,A,1.44893,0.000708000000031
1.449638,,3.0,A,R+,1.449638,0.00115899999992
1.450797,,3.0,R+,A,1.450797,0.000129999999899
1.450927,,3.0,A,S,1.450927,2.70000000455e-05
1.450954,,3.0,S,W,1.450954,0.0114050000002
1.462359,3.0,,W,A,1.462359,5.00000001011e-05
1.462409,,3.0,A,R,1.462409,1.79999997272e-05
1.462427,,3.0,R,A,1.462427,6.00000021223e-06
1.462433,,3.0,A,R+,1.462433,0.00244199999997
1.464875,,3.0,R+,A,1.464875,0.000250999999935
1.465126,,3.0,A,R+,1.465126,0.00113499999998
1.466261,,3.0,R+,A,1.466261,0.000108000000182
1.466369,,3.0,A,S,1.466369,1.8999999611e-05
1.466388,,3.0,S,W,1.466388,0.012322
1.47871,3.0,,W,A,1.47871,7.60000002629e-05
1.478786,,3.0,A,R,1.478786,1.50000000758e-05
1.478801,,3.0,R,A,1.478801,5.99999975748e-06
1.478807,,3.0,A,R+,1.478807,0.00251600000001
1.481323,,3.0,R+,A,1.481323,0.000252000000273
1.481575,,3.0,A,R+,1.481575,0.00108799999998
1.482663,,3.0,R+,A,1.482663,0.000160999999935
1.482824,,3.0,A,S,1.482824,2.09999998333e-05
1.482845,,3.0,S,W,1.482845,0.0133740000001
1.496219,3.0,,W,A,1.496219,6.20000000708e-05
1.496281,,3.0,A,R,1.496281,1.90000000657e-05
1.4963,,3.0,R,A,1.4963,8.99999986359e-06
1.496309,,3.0,A,R+,1.496309,0.00234
1.498649,,3.0,R+,A,1.498649,0.000251999999819
1.498901,,3.0,A,R,1.498901,0.000520000000051
1.499421,,3.0,R,A,1.499421,0.000461000000087
1.499882,,3.0,A,R,1.499882,1.79999997272e-05
1.4999,,3.0,R,A,1.4999,8.00000043455e-06
1.499908,,3.0,A,R+,1.499908,0.000425999999607
1.500334,,3.0,R+,A,1.500334,0.00052500000038
1.500859,,3.0,A,R+,1.500859,0.000505999999859
1.501365,,3.0,R+,A,1.501365,0.000148000000081
1.501513,,3.0,A,S,1.501513,2.30000000556e-05
1.501536,,3.0,S,W,1.501536,0.010624
1.51216,3.0,,W,A,1.51216,6.49999997222e-05
1.512225,,3.0,A,R,1.512225,1.80000001819e-05
1.512243,,3.0,R,A,1.512243,7.9999999798e-06
1.512251,,3.0,A,R+,1.512251,0.00240499999973
1.514656,,3.0,R+,A,1.514656,0.00024300000041
1.514899,,3.0,A,R+,1.514899,0.00115099999994
1.51605,,3.0,R+,A,1.51605,0.000131999999667
1.516182,,3.0,A,S,1.516182,1.90000000657e-05
1.516201,,3.0,S,W,1.516201,0.0127630000002
1.528964,3.0,,W,A,1.528964,4.79999998788e-05
1.529012,,3.0,A,R,1.529012,1.69999998434e-05
1.529029,,3.0,R,A,1.529029,7.00000009601e-06
1.529036,,3.0,A,R+,1.529036,0.00245799999993
1.531494,,3.0,R+,A,1.531494,0.000245000000177
1.531739,,3.0,A,R+,1.531739,0.00113899999997
1.532878,,3.0,R+,A,1.532878,0.000113000000056
1.532991,,3.0,A,S,1.532991,1.90000000657e-05
1.53301,,3.0,S,W,1.53301,0.0124510000001
1.545461,3.0,,W,A,1.545461,6.49999997222e-05
1.545526,,3.0,A,R,1.545526,1.80000001819e-05
1.545544,,3.0,R,A,1.545544,9.99999974738e-06
1.545554,,3.0,A,R+,1.545554,0.00243100000034
1.547985,,3.0,R+,A,1.547985,0.000260999999682
1.548246,,3.0,A,R+,1.548246,0.00126
1.549506,,3.0,R+,A,1.549506,0.000134000000344
1.54964,,3.0,A,S,1.54964,2.19999997171e-05
1.549662,,3.0,S,W,1.549662,0.012189
1.561851,2.0,,W,A,1.561851,4.90000002173e-05
1.5619,,2.0,A,R+,1.5619,0.00225799999998
1.564158,,2.0,R+,A,1.564158,0.000216999999793
1.564375,,2.0,A,R+,1.564375,0.00108399999999
1.565459,,2.0,R+,A,1.565459,0.000108000000182
1.565567,,2.0,A,S,1.565567,1.90000000657e-05
1.565586,,2.0,S,W,1.565586,0.0130059999997
1.578592,3.0,,W,A,1.578592,5.4000000091e-05
1.578646,,3.0,A,R,1.578646,1.99999999495e-05
1.578666,,3.0,R,A,1.578666,7.9999999798e-06
1.578674,,3.0,A,R+,1.578674,0.00295800000004
1.581632,,3.0,R+,A,1.581632,0.000260000000253
1.581892,,3.0,A,R+,1.581892,0.00141299999996
1.583305,,3.0,R+,A,1.583305,0.000114999999823
1.58342,,3.0,A,S,1.58342,1.70000002981e-05
1.583437,,3.0,S,W,1.583437,0.0119369999998
1.595374,3.0,,W,A,1.595374,5.70000001971e-05
1.595431,,3.0,A,R,1.595431,1.59999999596e-05
1.595447,,3.0,R,A,1.595447,8.99999986359e-06
1.595456,,3.0,A,R+,1.595456,0.00214000000005
1.597596,,3.0,R+,A,1.597596,0.000231999999869
1.597828,,3.0,A,R+,1.597828,0.00101500000028
1.598843,,3.0,R+,A,1.598843,0.000637999999981
1.599481,,3.0,A,S,1.599481,2.39999999394e-05
1.599505,,3.0,S,W,1.599505,0.0121260000001
1.611631,3.0,,W,A,1.611631,9.29999996515e-05
1.611724,,3.0,A,R,1.611724,2.50000002779e-05
1.611749,,3.0,R,A,1.611749,9.99999974738e-06
1.611759,,3.0,A,R+,1.611759,0.00250800000003
1.614267,,3.0,R+,A,1.614267,0.000295000000278
1.614562,,3.0,A,R+,1.614562,0.0013899999999
1.615952,,3.0,R+,A,1.615952,0.000191000000086
1.616143,,3.0,A,S,1.616143,2.99999996969e-05
1.616173,,3.0,S,W,1.616173,0.0122980000001
1.628471,3.0,,W,A,1.628471,6.60000000607e-05
1.628537,,3.0,A,R,1.628537,2.70000000455e-05
1.628564,,3.0,R,A,1.628564,1.29999998535e-05
1.628577,,3.0,A,R+,1.628577,0.00265399999989
1.631231,,3.0,R+,A,1.631231,0.000322000000324
1.631553,,3.0,A,R+,1.631553,0.00132899999971
1.632882,,3.0,R+,A,1.632882,0.000129000000015
1.633011,,3.0,A,S,1.633011,2.79999999293e-05
1.633039,,3.0,S,W,1.633039,0.0135730000002
1.646612,3.0,,W,A,1.646612,9.49999998738e-05
1.646707,,3.0,A,R,1.646707,3.00000001516e-05
1.646737,,3.0,R,A,1.646737,1.19999999697e-05
1.646749,,3.0,A,R+,1.646749,0.0027970000001
1.649546,,3.0,R+,A,1.649546,0.000347000000147
1.649893,,3.0,A,S,1.649893,0.000292999999601
1.650186,,3.0,S,,1.650186,
